{"cameraMode":{"drawMode":0,"name":"Shaded","section":"Shading Mode"},"sceneLighting":true,"audioPlay":false,"sceneViewState":{"m_AlwaysRefresh":false,"showFog":true,"showSkybox":true,"showFlares":true,"showImageEffects":true,"showParticleSystems":true,"showVisualEffectGraphs":true,"m_FxEnabled":true},"in2DMode":false,"pivot":{"x":881.9268798828125,"y":36.678401947021487,"z":-43.82407760620117},"rotation":{"x":0.34890875220298769,"y":0.32101404666900637,"z":-0.12858957052230836,"w":0.8710235357284546},"size":331.4693908691406,"orthographic":false}